company_name,mailing_address
Grail Signal Demo 001 SARL,"1 Rue Exemple GSF-001, 75001 Paris"
Grail Signal Demo 002 SAS,"2 Rue Exemple GSF-002, 69002 Lyon"
Grail Signal Demo 003 EURL,"3 Rue Exemple GSF-003, 13003 Marseille"
Grail Signal Demo 004 SARL,"4 Rue Exemple GSF-004, 31000 Toulouse"
Grail Signal Demo 005 SELARL,"5 Rue Exemple GSF-005, 44000 Nantes"
Grail Signal Demo 006 SAS,"6 Rue Exemple GSF-006, 59000 Lille"
Grail Signal Demo 007 SARL,"7 Rue Exemple GSF-007, 33000 Bordeaux"
Grail Signal Demo 008 EURL,"8 Rue Exemple GSF-008, 67000 Strasbourg"
Grail Signal Demo 009 SAS,"9 Rue Exemple GSF-009, 35000 Rennes"
Grail Signal Demo 010 SARL,"10 Rue Exemple GSF-010, 34000 Montpellier"
Grail Signal Demo 011 SAS,"11 Rue Exemple GSF-011, 06000 Nice"
Grail Signal Demo 012 SARL,"12 Rue Exemple GSF-012, 76000 Rouen"
Grail Signal Demo 013 EURL,"13 Rue Exemple GSF-013, 21000 Dijon"
Grail Signal Demo 014 SAS,"14 Rue Exemple GSF-014, 37000 Tours"
Grail Signal Demo 015 SARL,"15 Rue Exemple GSF-015, 29000 Quimper"
Grail Signal Demo 016 SAS,"16 Rue Exemple GSF-016, 63000 Clermont-Ferrand"
Grail Signal Demo 017 SELARL,"17 Rue Exemple GSF-017, 54000 Nancy"
Grail Signal Demo 018 SARL,"18 Rue Exemple GSF-018, 72000 Le Mans"
Grail Signal Demo 019 SAS,"19 Rue Exemple GSF-019, 80000 Amiens"
Grail Signal Demo 020 EURL,"20 Rue Exemple GSF-020, 45000 Orleans"
Grail Signal Demo 021 SARL,"21 Rue Exemple GSF-021, 17000 La Rochelle"
Grail Signal Demo 022 SAS,"22 Rue Exemple GSF-022, 14000 Caen"
Grail Signal Demo 023 SARL,"23 Rue Exemple GSF-023, 51100 Reims"
Grail Signal Demo 024 SAS,"24 Rue Exemple GSF-024, 73000 Chambery"
Grail Signal Demo 025 EURL,"25 Rue Exemple GSF-025, 86000 Poitiers"
Grail Signal Demo 026 SARL,"26 Rue Exemple GSF-026, 83000 Toulon"
Grail Signal Demo 027 SAS,"27 Rue Exemple GSF-027, 25000 Besancon"
Grail Signal Demo 028 EURL,"28 Rue Exemple GSF-028, 87000 Limoges"
Grail Signal Demo 029 SARL,"29 Rue Exemple GSF-029, 64000 Pau"
Grail Signal Demo 030 SAS,"30 Rue Exemple GSF-030, 41000 Blois"


